{
  "version": "2.0",
  "timestamp": "2024-01-15T12:00:00.000Z",
  "tempo": 80,
  "masterVolume": "85",
  "songStructure": {
    "title": "Digital Heartbreak",
    "artist": "808s Production Suite Demo",
    "duration": "2:00",
    "sections": [
      {"name": "Intro", "bars": "1-4", "description": "Sparse drums, atmospheric"},
      {"name": "Verse 1", "bars": "5-12", "description": "Full drums, bass synth enters"},
      {"name": "Pre-Chorus", "bars": "13-16", "description": "Building energy, hi-hats increase"},
      {"name": "Chorus", "bars": "17-24", "description": "All elements, vocoder hook"},
      {"name": "Verse 2", "bars": "25-32", "description": "Variation on verse 1"},
      {"name": "Bridge", "bars": "33-36", "description": "Breakdown, minimal drums"},
      {"name": "Final Chorus", "bars": "37-44", "description": "Full arrangement"},
      {"name": "Outro", "bars": "45-48", "description": "Fade out"}
    ]
  },
  "drumPattern": {
    "kick": [
      true, false, false, false,
      true, false, false, false,
      true, false, false, false,
      true, false, true, false
    ],
    "snare": [
      false, false, false, false,
      true, false, false, false,
      false, false, false, false,
      true, false, false, false
    ],
    "hihat": [
      true, true, false, true,
      true, true, false, true,
      true, true, false, true,
      true, true, true, true
    ],
    "openhat": [
      false, false, true, false,
      false, false, true, false,
      false, false, true, false,
      false, false, false, false
    ],
    "clap": [
      false, false, false, false,
      true, false, false, true,
      false, false, false, false,
      true, false, false, false
    ],
    "crash": [
      true, false, false, false,
      false, false, false, false,
      false, false, false, false,
      false, false, false, false
    ],
    "tom": [
      false, false, false, false,
      false, false, false, false,
      false, false, true, true,
      false, false, false, false
    ],
    "rim": [
      false, true, false, false,
      false, true, false, false,
      false, true, false, false,
      false, true, false, true
    ]
  },
  "synthParams": {
    "waveform": "sawtooth",
    "filterCutoff": 800,
    "filterResonance": 15,
    "attack": 0.08,
    "decay": 0.4,
    "sustain": 0.3,
    "release": 1.2,
    "portamento": 0.15
  },
  "synthSequence": {
    "description": "Bass line and lead melodies",
    "bassPattern": {
      "notes": ["C2", "C2", "G1", "G1", "A#1", "A#1", "F1", "F1"],
      "rhythm": "Plays on kicks, slides between notes"
    },
    "leadMelody": {
      "notes": ["C4", "D#4", "F4", "G4", "F4", "D#4", "C4", "A#3"],
      "rhythm": "Sparse, emotional, enters in chorus"
    }
  },
  "sampleMetadata": [
    {
      "index": 0,
      "name": "VOX_CHOP1",
      "hasData": true,
      "description": "Vocoded 'yeah' sample"
    },
    {
      "index": 1,
      "name": "VOX_CHOP2",
      "hasData": true,
      "description": "Vocoded 'oh' sample"
    },
    {
      "index": 2,
      "name": "SYNTH_HIT",
      "hasData": true,
      "description": "Atmospheric synth stab"
    },
    {
      "index": 3,
      "name": "SUB_DROP",
      "hasData": true,
      "description": "808 sub bass drop"
    },
    {
      "index": 4,
      "name": "PERC_LOOP",
      "hasData": true,
      "description": "Minimal percussion loop"
    },
    null,
    null,
    null,
    {
      "index": 8,
      "name": "AMBIENT",
      "hasData": true,
      "description": "Background atmosphere"
    },
    null,
    null,
    null,
    null,
    null,
    null,
    null
  ],
  "effects": {
    "autotune": true,
    "reverb": true,
    "delay": true,
    "distortion": false
  },
  "effectSettings": {
    "autotune": "75",
    "reverb": "45",
    "delay": "30",
    "distortion": "0"
  },
  "vocoderSettings": {
    "carrierFreq": "220",
    "modulation": "65",
    "bands": "16",
    "robotVoice": true
  },
  "arrangementNotes": {
    "intro": "Start with just kick and atmospheric samples",
    "verse1": "Add snare on 2 and 4, introduce bass synth playing root notes",
    "preChorus": "Hi-hats come in, building tension",
    "chorus": "Full drums, vocoder vocals, lead synth melody",
    "verse2": "Similar to verse 1 but with rim shots and percussion loop",
    "bridge": "Strip back to just kick, clap, and atmospheric elements",
    "finalChorus": "Everything at full intensity, layer vocal samples",
    "outro": "Gradually remove elements, end with just reverb tail"
  },
  "productionTips": {
    "mixing": [
      "Keep kick prominent but not overpowering",
      "High-pass filter everything except kick and bass",
      "Use sidechain compression on synths triggered by kick",
      "Pan hi-hats slightly left, rim shots slightly right"
    ],
    "performance": [
      "Use sample pads for vocal chops during chorus",
      "Automate filter cutoff on bass synth for movement",
      "Add delay throws on snare hits at phrase endings",
      "Use vocoder for main vocal hook"
    ]
  },
  "recordedAudio": null,
  "projectNotes": "This project demonstrates the 808s & Heartbreak production style with sparse, emotional arrangements, heavy use of auto-tune/vocoder, and atmospheric production. The slow tempo (80 BPM) creates space for each element to breathe. The drum patterns are minimal but effective, focusing on the iconic 808 kick sound. The synth parts use portamento for that characteristic sliding bass sound, while the lead melodies are simple but memorable. Effects are used tastefully - reverb creates space, delay adds depth, and auto-tune/vocoder provides the signature vocal processing of the era."
}