{
    "tasks": [
      {
        "id": "task-1",
        "title": "HCL implementation",
        "description": "Stay in touch with Kody (Anish, cc- Remy and Smita). Partner capabilities check.",
        "dueDate": null,
        "assignedTo": [
          "Kody"
        ],
        "status": "todo",
        "pomodoros": 0
      },
      {
        "id": "task-2",
        "title": "Blog post",
        "description": "April end from Kody; discuss in our 1:1.",
        "dueDate": "2025-04-30",
        "assignedTo": [
          "Kody"
        ],
        "status": "todo",
        "pomodoros": 0
      },
      {
        "id": "task-3",
        "title": "New demo for Nitasha meeting",
        "description": "Demo scheduled for March 7, 2025.",
        "dueDate": "2025-03-07",
        "assignedTo": [
          "Kody"
        ],
        "status": "done",
        "pomodoros": 0
      },
      {
        "id": "task-4",
        "title": "MAC Update",
        "description": "Kody to give update around Mar 20th.",
        "dueDate": "2025-03-20",
        "assignedTo": [
          "Kody"
        ],
        "status": "todo",
        "pomodoros": 0
      },
      {
        "id": "task-5",
        "title": "Partner EBC",
        "description": "",
        "dueDate": null,
        "assignedTo": [],
        "status": "todo",
        "pomodoros": 0
      },
      {
        "id": "task-6",
        "title": "BAS Learning Day",
        "description": "Kody and Smita.",
        "dueDate": null,
        "assignedTo": [
          "Kody",
          "Smita"
        ],
        "status": "todo",
        "pomodoros": 0
      },
      {
        "id": "task-7",
        "title": "Kody Research presentation",
        "description": "",
        "dueDate": null,
        "assignedTo": [
          "Kody"
        ],
        "status": "todo",
        "pomodoros": 0
      },
      {
        "id": "task-8",
        "title": "Manufacturing presentation",
        "description": "",
        "dueDate": null,
        "assignedTo": [],
        "status": "todo",
        "pomodoros": 0
      },
      {
        "id": "task-9",
        "title": "Demo library: Sales use cases with Agents demos",
        "description": "Ongoing.",
        "dueDate": null,
        "assignedTo": [],
        "status": "todo",
        "pomodoros": 0
      },
      {
        "id": "task-10",
        "title": "Demos for partner scenarios",
        "description": "Geoff + Traci; Citrin.",
        "dueDate": null,
        "assignedTo": [
          "Geoff",
          "Traci",
          "Citrin"
        ],
        "status": "todo",
        "pomodoros": 0
      },
      {
        "id": "task-11",
        "title": "ISD Content",
        "description": "Smita to ask for content.",
        "dueDate": null,
        "assignedTo": [
          "Smita"
        ],
        "status": "todo",
        "pomodoros": 0
      },
      {
        "id": "task-12",
        "title": "Immersive experience",
        "description": "Aditya, JP - Kody.",
        "dueDate": null,
        "assignedTo": [
          "Kody"
        ],
        "status": "todo",
        "pomodoros": 0
      },
      {
        "id": "task-13",
        "title": "Customer meetings",
        "description": "",
        "dueDate": null,
        "assignedTo": [],
        "status": "todo",
        "pomodoros": 0
      },
      {
        "id": "task-14",
        "title": "Company A",
        "description": "Team member 1 + Team member 2; send to Manager (cc Manager 2 & Manager 3). Due Mar 17.",
        "dueDate": "2025-03-17",
        "assignedTo": [
          "Team member 1",
          "Team member 2"
        ],
        "status": "inprogress",
        "pomodoros": 0
      },
      {
        "id": "task-15",
        "title": "Company C",
        "description": "To be determined.",
        "dueDate": null,
        "assignedTo": [],
        "status": "todo",
        "pomodoros": 0
      },
      {
        "id": "task-16",
        "title": "Company E",
        "description": "Team member 1 is involved.",
        "dueDate": null,
        "assignedTo": [
          "Team member 1"
        ],
        "status": "todo",
        "pomodoros": 0
      },
      {
        "id": "task-17",
        "title": "Company F",
        "description": "Team member 2. Due Mar 10.",
        "dueDate": "2025-03-10",
        "assignedTo": [
          "Team member 2"
        ],
        "status": "todo",
        "pomodoros": 0
      },
      {
        "id": "task-18",
        "title": "Others",
        "description": "Company G, Company H, Company I; Team member 1.",
        "dueDate": null,
        "assignedTo": [
          "Team member 1"
        ],
        "status": "todo",
        "pomodoros": 0
      },
      {
        "id": "task-19",
        "title": "Company D Review",
        "description": "Review scenarios on Agents (Team member 2, Team member 1 next 1:1).",
        "dueDate": null,
        "assignedTo": [
          "Team member 1",
          "Team member 2"
        ],
        "status": "todo",
        "pomodoros": 0
      },
      {
        "id": "task-20",
        "title": "New Agent customers",
        "description": "Company M, Company N, Company O; meeting set with partner.",
        "dueDate": null,
        "assignedTo": [],
        "status": "todo",
        "pomodoros": 0
      },
      {
        "id": "task-21",
        "title": "Stakeholder requests",
        "description": "Company J, Company D, Company C, Company K, Company L.",
        "dueDate": null,
        "assignedTo": [],
        "status": "todo",
        "pomodoros": 0
      },
      {
        "id": "task-22",
        "title": "M365 Conf Event",
        "description": "",
        "dueDate": null,
        "assignedTo": [],
        "status": "todo",
        "pomodoros": 0
      },
      {
        "id": "task-23",
        "title": "Webinar with C5",
        "description": "Scheduled for May (mid to end).",
        "dueDate": null,
        "assignedTo": [],
        "status": "todo",
        "pomodoros": 0
      },
      {
        "id": "task-24",
        "title": "C5 Insights",
        "description": "Geoff – Kody. Due Sept 18.",
        "dueDate": "2025-09-18",
        "assignedTo": [
          "Kody",
          "Geoff"
        ],
        "status": "todo",
        "pomodoros": 0
      }
    ]
  }