{
  "version": "2.0",
  "lastUpdated": "2025-11-20T19:34:46.107598",
  "apps": [
    {
      "id": "mcp-registry",
      "title": "Mcp Registry",
      "description": "A ai-tools application",
      "tags": [
        "ai",
        "tools"
      ],
      "path": "./apps/ai-tools/mcp-registry.html",
      "icon": "🤖"
    },
    {
      "id": "workshop",
      "title": "Workshop",
      "description": "A ai-tools application",
      "tags": [
        "ai",
        "tools"
      ],
      "path": "./apps/ai-tools/workshop.html",
      "icon": "🤖"
    },
    {
      "id": "wristAI",
      "title": "Wristai",
      "description": "A ai-tools application",
      "tags": [
        "ai",
        "tools"
      ],
      "path": "./apps/ai-tools/wristAI.html",
      "icon": "🤖"
    },
    {
      "id": "ai-simulation-sales-demo",
      "title": "Ai Simulation Sales Demo",
      "description": "A business application",
      "tags": [
        "business"
      ],
      "path": "./apps/business/ai-simulation-sales-demo.html",
      "icon": "💼"
    },
    {
      "id": "github-gallery-setup",
      "title": "Github Gallery Setup",
      "description": "A development application",
      "tags": [
        "development",
        "tools"
      ],
      "path": "./apps/development/github-gallery-setup.html",
      "icon": "💻"
    },
    {
      "id": "local-browser",
      "title": "Local Browser",
      "description": "A development application",
      "tags": [
        "development",
        "tools"
      ],
      "path": "./apps/development/local-browser.html",
      "icon": "💻"
    },
    {
      "id": "mermaid-viewer",
      "title": "Mermaid Viewer",
      "description": "A development application",
      "tags": [
        "development",
        "tools"
      ],
      "path": "./apps/development/mermaid-viewer.html",
      "icon": "💻"
    },
    {
      "id": "teacher-learner-app",
      "title": "Teacher Learner App",
      "description": "A education application",
      "tags": [
        "education"
      ],
      "path": "./apps/education/teacher-learner-app.html",
      "icon": "🎓"
    },
    {
      "id": "teacher-learner",
      "title": "Teacher Learner",
      "description": "A education application",
      "tags": [
        "education"
      ],
      "path": "./apps/education/teacher-learner.html",
      "icon": "🎓"
    },
    {
      "id": "3d-world-navigation",
      "title": "3D World Navigation",
      "description": "A games application",
      "tags": [
        "games"
      ],
      "path": "./apps/games/3d-world-navigation.html",
      "icon": "🎮"
    },
    {
      "id": "NexusWorlds",
      "title": "Nexusworlds",
      "description": "A games application",
      "tags": [
        "games"
      ],
      "path": "./apps/games/NexusWorlds.html",
      "icon": "🎮"
    },
    {
      "id": "complete-retroplay-console-ios",
      "title": "Complete Retroplay Console Ios",
      "description": "A games application",
      "tags": [
        "games"
      ],
      "path": "./apps/games/complete-retroplay-console-ios.html",
      "icon": "🎮"
    },
    {
      "id": "crystal-caves-world",
      "title": "Crystal Caves World",
      "description": "A games application",
      "tags": [
        "games"
      ],
      "path": "./apps/games/crystal-caves-world.html",
      "icon": "🎮"
    },
    {
      "id": "fpspic",
      "title": "Fpspic",
      "description": "A games application",
      "tags": [
        "games"
      ],
      "path": "./apps/games/fpspic.html",
      "icon": "🎮"
    },
    {
      "id": "gameboy-clone",
      "title": "Gameboy Clone",
      "description": "A games application",
      "tags": [
        "games"
      ],
      "path": "./apps/games/gameboy-clone.html",
      "icon": "🎮"
    },
    {
      "id": "gameboy-emulator",
      "title": "Gameboy Emulator",
      "description": "A games application",
      "tags": [
        "games"
      ],
      "path": "./apps/games/gameboy-emulator.html",
      "icon": "🎮"
    },
    {
      "id": "nexus-holographic-companion",
      "title": "Nexus Holographic Companion",
      "description": "A games application",
      "tags": [
        "games"
      ],
      "path": "./apps/games/nexus-holographic-companion.html",
      "icon": "🎮"
    },
    {
      "id": "pokedex",
      "title": "Pokedex",
      "description": "A games application",
      "tags": [
        "games"
      ],
      "path": "./apps/games/pokedex.html",
      "icon": "🎮"
    },
    {
      "id": "snake-2-game",
      "title": "Snake 2 Game",
      "description": "A games application",
      "tags": [
        "games"
      ],
      "path": "./apps/games/snake-2-game.html",
      "icon": "🎮"
    },
    {
      "id": "snake3",
      "title": "Snake3",
      "description": "A games application",
      "tags": [
        "games"
      ],
      "path": "./apps/games/snake3.html",
      "icon": "🎮"
    },
    {
      "id": "steamdeck-game-store",
      "title": "Steamdeck Game Store",
      "description": "A games application",
      "tags": [
        "games"
      ],
      "path": "./apps/games/steamdeck-game-store.html",
      "icon": "🎮"
    },
    {
      "id": "steamdeck-game",
      "title": "Steamdeck Game",
      "description": "A games application",
      "tags": [
        "games"
      ],
      "path": "./apps/games/steamdeck-game.html",
      "icon": "🎮"
    },
    {
      "id": "quantum-worlds-store",
      "title": "Quantum Worlds Store",
      "description": "Explore 10 experimental P2P networked universes - from floating quantum gardens to fractal forests, music dimensions to dying stars. Each world offers unique multiplayer experiences with stunning visuals and innovative mechanics.",
      "tags": [
        "games",
        "p2p",
        "multiplayer",
        "experimental"
      ],
      "path": "./quantum-worlds-store.html",
      "icon": "🌌"
    },
    {
      "id": "quantum-garden",
      "title": "Quantum Garden of Floating Islands",
      "description": "Explore interconnected floating islands with bioluminescent plants, crystalline waterfalls flowing upward, and shifting gravity. Plant glowing seeds that grow into shared structures in real-time.",
      "tags": [
        "quantum-worlds",
        "games",
        "p2p",
        "multiplayer",
        "fantastical",
        "social"
      ],
      "path": "./apps/quantum-worlds/quantum-garden.html",
      "icon": "🏝️"
    },
    {
      "id": "neon-synthwave-city",
      "title": "Neon Synthwave City at Perpetual Sunset",
      "description": "Massive cyberpunk metropolis in eternal pink/purple sunset. Flying cars, holographic billboards, underground raves, rooftop gardens. The city breathes with the music.",
      "tags": [
        "quantum-worlds",
        "games",
        "p2p",
        "multiplayer",
        "artistic",
        "social",
        "cyberpunk"
      ],
      "path": "./apps/quantum-worlds/neon-synthwave-city.html",
      "icon": "🌆"
    },
    {
      "id": "collaborative-music-garden",
      "title": "Collaborative Music Garden",
      "description": "Every object generates tones, rhythms, or melodies. Build towers that harmonize, create rivers in musical scales. The world IS the instrument.",
      "tags": [
        "quantum-worlds",
        "games",
        "p2p",
        "multiplayer",
        "artistic",
        "social",
        "music"
      ],
      "path": "./apps/quantum-worlds/collaborative-music-garden.html",
      "icon": "🎵"
    },
    {
      "id": "impossible-architecture-museum",
      "title": "Impossible Architecture Museum",
      "description": "M.C. Escher-inspired gravity-defying staircases, infinite loops, non-euclidean geometry. Walk on walls, doors lead to sky, hallways twist into themselves.",
      "tags": [
        "quantum-worlds",
        "games",
        "p2p",
        "multiplayer",
        "fantastical",
        "scientific"
      ],
      "path": "./apps/quantum-worlds/impossible-architecture-museum.html",
      "icon": "🏛️"
    },
    {
      "id": "bioluminescent-ocean-trench",
      "title": "Bioluminescent Deep Ocean Trench",
      "description": "Alien underwater abyss with zero-gravity swimming. Giant glowing jellyfish, hydrothermal vents, ancient ruins. Discover and illuminate new species together.",
      "tags": [
        "quantum-worlds",
        "games",
        "p2p",
        "multiplayer",
        "fantastical",
        "scientific"
      ],
      "path": "./apps/quantum-worlds/bioluminescent-ocean-trench.html",
      "icon": "🌊"
    },
    {
      "id": "particle-physics-playground",
      "title": "Particle Physics Playground",
      "description": "Players ARE subatomic particles. Race through particle accelerators, collide to create elements, observe quantum tunneling. Experience physics at Planck scale.",
      "tags": [
        "quantum-worlds",
        "games",
        "p2p",
        "multiplayer",
        "scientific",
        "educational"
      ],
      "path": "./apps/quantum-worlds/particle-physics-playground.html",
      "icon": "⚛️"
    },
    {
      "id": "zero-g-space-station",
      "title": "Zero-G Space Station Build Zone",
      "description": "Float in orbit building a modular space station. Pure 6DOF movement, solar panels must face sun, external construction requires coordination.",
      "tags": [
        "quantum-worlds",
        "games",
        "p2p",
        "multiplayer",
        "scientific",
        "social"
      ],
      "path": "./apps/quantum-worlds/zero-g-space-station.html",
      "icon": "🛰️"
    },
    {
      "id": "fractal-forest",
      "title": "Fractal Forest of Infinite Recursion",
      "description": "Every tree contains a smaller version of the entire forest. Zoom into leaves to find ecosystems. Shrink and grow to explore different scales of reality.",
      "tags": [
        "quantum-worlds",
        "games",
        "p2p",
        "multiplayer",
        "fantastical",
        "scientific"
      ],
      "path": "./apps/quantum-worlds/fractal-forest.html",
      "icon": "🌳"
    },
    {
      "id": "living-paint-dimension",
      "title": "Living Paint Dimension",
      "description": "Blank canvas where every movement leaves living, animated paint. Footsteps create gardens, jumping spawns creatures, spinning makes galaxies. Resets daily.",
      "tags": [
        "quantum-worlds",
        "games",
        "p2p",
        "multiplayer",
        "artistic",
        "social"
      ],
      "path": "./apps/quantum-worlds/living-paint-dimension.html",
      "icon": "🎨"
    },
    {
      "id": "ancient-ruins-dying-star",
      "title": "Ancient Ruins on a Dying Star",
      "description": "Explore alien temples on a red giant about to go supernova. Lava walkways over plasma seas, solar flares, ancient obelisks. Race against time before the star explodes.",
      "tags": [
        "quantum-worlds",
        "games",
        "p2p",
        "multiplayer",
        "fantastical",
        "scientific",
        "action"
      ],
      "path": "./apps/quantum-worlds/ancient-ruins-dying-star.html",
      "icon": "⭐"
    },
    {
      "id": "index_MAC",
      "title": "Index Mac",
      "description": "A index-variants application",
      "tags": [
        "utility"
      ],
      "path": "./apps/index-variants/index_MAC.html",
      "icon": "📄"
    },
    {
      "id": "index_MAC_local",
      "title": "Index Mac Local",
      "description": "A index-variants application",
      "tags": [
        "utility"
      ],
      "path": "./apps/index-variants/index_MAC_local.html",
      "icon": "📄"
    },
    {
      "id": "index_slim",
      "title": "Index Slim",
      "description": "A index-variants application",
      "tags": [
        "utility"
      ],
      "path": "./apps/index-variants/index_slim.html",
      "icon": "📄"
    },
    {
      "id": "index_slim_cloud",
      "title": "Index Slim Cloud",
      "description": "A index-variants application",
      "tags": [
        "utility"
      ],
      "path": "./apps/index-variants/index_slim_cloud.html",
      "icon": "📄"
    },
    {
      "id": "index_slim_cloud_qr",
      "title": "Index Slim Cloud Qr",
      "description": "A index-variants application",
      "tags": [
        "utility"
      ],
      "path": "./apps/index-variants/index_slim_cloud_qr.html",
      "icon": "📄"
    },
    {
      "id": "bothangles-ios-fixed",
      "title": "Bothangles Ios Fixed",
      "description": "A media application",
      "tags": [
        "media"
      ],
      "path": "./apps/media/bothangles-ios-fixed.html",
      "icon": "📹"
    },
    {
      "id": "dual-camera-recorder",
      "title": "Dual Camera Recorder",
      "description": "A media application",
      "tags": [
        "media"
      ],
      "path": "./apps/media/dual-camera-recorder.html",
      "icon": "📹"
    },
    {
      "id": "hologram-camera-recorder",
      "title": "Hologram Camera Recorder",
      "description": "A media application",
      "tags": [
        "media"
      ],
      "path": "./apps/media/hologram-camera-recorder.html",
      "icon": "📹"
    },
    {
      "id": "youtube-webcam-recorder",
      "title": "Youtube Webcam Recorder",
      "description": "A media application",
      "tags": [
        "media"
      ],
      "path": "./apps/media/youtube-webcam-recorder.html",
      "icon": "📹"
    },
    {
      "id": "youtube-webcam-sync-fixed",
      "title": "Youtube Webcam Sync Fixed",
      "description": "A media application",
      "tags": [
        "media"
      ],
      "path": "./apps/media/youtube-webcam-sync-fixed.html",
      "icon": "📹"
    },
    {
      "id": "jim-rohn-journal-app",
      "title": "Jim Rohn Journal App",
      "description": "A productivity application",
      "tags": [
        "productivity"
      ],
      "path": "./apps/productivity/jim-rohn-journal-app.html",
      "icon": "📋"
    },
    {
      "id": "prompt-library",
      "title": "Prompt Library",
      "description": "A productivity application",
      "tags": [
        "productivity"
      ],
      "path": "./apps/productivity/prompt-library.html",
      "icon": "📋"
    },
    {
      "id": "record-review-app",
      "title": "Record Review App",
      "description": "A productivity application",
      "tags": [
        "productivity"
      ],
      "path": "./apps/productivity/record-review-app.html",
      "icon": "📋"
    },
    {
      "id": "severance-refiner",
      "title": "Severance Refiner",
      "description": "A productivity application",
      "tags": [
        "productivity"
      ],
      "path": "./apps/productivity/severance-refiner.html",
      "icon": "📋"
    },
    {
      "id": "sneaker-net-social",
      "title": "Sneaker Net Social",
      "description": "A productivity application",
      "tags": [
        "productivity"
      ],
      "path": "./apps/productivity/sneaker-net-social.html",
      "icon": "📋"
    },
    {
      "id": "sneakernet-complete",
      "title": "Sneakernet Complete",
      "description": "A productivity application",
      "tags": [
        "productivity"
      ],
      "path": "./apps/productivity/sneakernet-complete.html",
      "icon": "📋"
    },
    {
      "id": "text-file-splitter",
      "title": "Text File Splitter",
      "description": "A utilities application",
      "tags": [
        "utility"
      ],
      "path": "./apps/utilities/text-file-splitter.html",
      "icon": "🔧"
    },
    {
      "id": "Agent Workflow System",
      "title": "Agent Workflow System",
      "description": "A archive application",
      "tags": [
        "archive"
      ],
      "path": "./archive/Agent Workflow System.html",
      "icon": "📦"
    },
    {
      "id": "automated-actions-ui",
      "title": "Automated Actions Ui",
      "description": "A archive application",
      "tags": [
        "archive"
      ],
      "path": "./archive/automated-actions-ui.html",
      "icon": "📦"
    },
    {
      "id": "complete-implementation",
      "title": "Complete Implementation",
      "description": "A archive application",
      "tags": [
        "archive"
      ],
      "path": "./archive/complete-implementation.html",
      "icon": "📦"
    },
    {
      "id": "complete-retroplay-console",
      "title": "Complete Retroplay Console",
      "description": "A archive application",
      "tags": [
        "archive"
      ],
      "path": "./archive/complete-retroplay-console.html",
      "icon": "📦"
    },
    {
      "id": "crm-questionnaire-viewer",
      "title": "Crm Questionnaire Viewer",
      "description": "A archive application",
      "tags": [
        "archive"
      ],
      "path": "./archive/crm-questionnaire-viewer.html",
      "icon": "📦"
    },
    {
      "id": "custom-copilot-ui",
      "title": "Custom Copilot Ui",
      "description": "A archive application",
      "tags": [
        "archive"
      ],
      "path": "./archive/custom-copilot-ui.html",
      "icon": "📦"
    },
    {
      "id": "dual-camera-recorder-fixed",
      "title": "Dual Camera Recorder Fixed",
      "description": "A archive application",
      "tags": [
        "archive"
      ],
      "path": "./archive/dual-camera-recorder-fixed.html",
      "icon": "📦"
    },
    {
      "id": "dynamic-agent-workflow",
      "title": "Dynamic Agent Workflow",
      "description": "A archive application",
      "tags": [
        "archive"
      ],
      "path": "./archive/dynamic-agent-workflow.html",
      "icon": "📦"
    },
    {
      "id": "emdr-complete",
      "title": "Emdr Complete",
      "description": "A archive application",
      "tags": [
        "archive"
      ],
      "path": "./archive/emdr-complete.html",
      "icon": "📦"
    },
    {
      "id": "executive-memory-visualizer",
      "title": "Executive Memory Visualizer",
      "description": "A archive application",
      "tags": [
        "archive"
      ],
      "path": "./archive/executive-memory-visualizer.html",
      "icon": "📦"
    },
    {
      "id": "executive-presentation-slide2",
      "title": "Executive Presentation Slide2",
      "description": "A archive application",
      "tags": [
        "archive"
      ],
      "path": "./archive/executive-presentation-slide2.html",
      "icon": "📦"
    },
    {
      "id": "final-dashboard",
      "title": "Final Dashboard",
      "description": "A archive application",
      "tags": [
        "archive"
      ],
      "path": "./archive/final-dashboard.html",
      "icon": "📦"
    },
    {
      "id": "improved-dashboard",
      "title": "Improved Dashboard",
      "description": "A archive application",
      "tags": [
        "archive"
      ],
      "path": "./archive/improved-dashboard.html",
      "icon": "📦"
    },
    {
      "id": "magellentic-agents",
      "title": "Magellentic Agents",
      "description": "A archive application",
      "tags": [
        "archive"
      ],
      "path": "./archive/magellentic-agents.html",
      "icon": "📦"
    },
    {
      "id": "magentic-agents-ui",
      "title": "Magentic Agents Ui",
      "description": "A archive application",
      "tags": [
        "archive"
      ],
      "path": "./archive/magentic-agents-ui.html",
      "icon": "📦"
    },
    {
      "id": "magnetic-agents-ui",
      "title": "Magnetic Agents Ui",
      "description": "A archive application",
      "tags": [
        "archive"
      ],
      "path": "./archive/magnetic-agents-ui.html",
      "icon": "📦"
    },
    {
      "id": "presentation-slide-responsive-updated",
      "title": "Presentation Slide Responsive Updated",
      "description": "A archive application",
      "tags": [
        "archive"
      ],
      "path": "./archive/presentation-slide-responsive-updated.html",
      "icon": "📦"
    },
    {
      "id": "splitspace copy",
      "title": "Splitspace Copy",
      "description": "A archive application",
      "tags": [
        "archive"
      ],
      "path": "./archive/splitspace copy.html",
      "icon": "📦"
    },
    {
      "id": "splitspace",
      "title": "Splitspace",
      "description": "A archive application",
      "tags": [
        "archive"
      ],
      "path": "./archive/splitspace.html",
      "icon": "📦"
    },
    {
      "id": "task-flow",
      "title": "Task Flow",
      "description": "A archive application",
      "tags": [
        "archive"
      ],
      "path": "./archive/task-flow.html",
      "icon": "📦"
    },
    {
      "id": "task-tracker",
      "title": "Task Tracker",
      "description": "A archive application",
      "tags": [
        "archive"
      ],
      "path": "./archive/task-tracker.html",
      "icon": "📦"
    },
    {
      "id": "terminal-viewer",
      "title": "Terminal Viewer",
      "description": "A archive application",
      "tags": [
        "archive"
      ],
      "path": "./archive/terminal-viewer.html",
      "icon": "📦"
    },
    {
      "id": "workflow-executor-app",
      "title": "Workflow Executor App",
      "description": "A archive application",
      "tags": [
        "archive"
      ],
      "path": "./archive/workflow-executor-app.html",
      "icon": "📦"
    },
    {
      "id": "workshop_html_pages",
      "title": "Workshop Html Pages",
      "description": "A archive application",
      "tags": [
        "archive"
      ],
      "path": "./archive/workshop_html_pages.html",
      "icon": "📦"
    }
  ]
}